Products,Recommentations
['3 DRAWER ANTIQUE WHITE WOOD CABINET'],['WOOD 2 DRAWER CABINET WHITE FINISH']
['6 RIBBONS RUSTIC CHARM'],['SCANDINAVIAN REDS RIBBONS']
['60 CAKE CASES DOLLY GIRL DESIGN'],['PACK OF 60 SPACEBOY CAKE CASES']
['60 CAKE CASES VINTAGE CHRISTMAS'],['SET OF 20 VINTAGE CHRISTMAS NAPKINS']
['60 TEATIME FAIRY CAKE CASES'],"['PACK OF 60 DINOSAUR CAKE CASES', 'PACK OF 72 RETROSPOT CAKE CASES']"
['72 SWEETHEART FAIRY CAKE CASES'],['PACK OF 60 DINOSAUR CAKE CASES']
['ALARM CLOCK BAKELIKE CHOCOLATE'],"['ALARM CLOCK BAKELIKE GREEN', 'ALARM CLOCK BAKELIKE RED']"
['ALARM CLOCK BAKELIKE GREEN'],"['ALARM CLOCK BAKELIKE CHOCOLATE', 'ALARM CLOCK BAKELIKE RED']"
['ALARM CLOCK BAKELIKE IVORY'],['ALARM CLOCK BAKELIKE CHOCOLATE']
['ALARM CLOCK BAKELIKE ORANGE'],"['ALARM CLOCK BAKELIKE RED', 'ALARM CLOCK BAKELIKE GREEN']"
['ALARM CLOCK BAKELIKE PINK'],"['ALARM CLOCK BAKELIKE IVORY', 'ALARM CLOCK BAKELIKE RED']"
['ALARM CLOCK BAKELIKE RED'],"['ALARM CLOCK BAKELIKE CHOCOLATE', 'ALARM CLOCK BAKELIKE GREEN']"
['ANTIQUE SILVER TEA GLASS ETCHED'],['VICTORIAN GLASS HANGING T-LIGHT']
['ASSORTED COLOUR BIRD ORNAMENT'],['PAINTED METAL PEARS ASSORTED']
['BAKING SET 9 PIECE RETROSPOT'],['BAKING SET SPACEBOY DESIGN']
['BAKING SET SPACEBOY DESIGN'],['BAKING SET 9 PIECE RETROSPOT']
['BATHROOM METAL SIGN'],['KITCHEN METAL SIGN']
['BLUE 3 PIECE POLKADOT CUTLERY SET'],"['PINK 3 PIECE POLKADOT CUTLERY SET', 'RED 3 PIECE RETROSPOT CUTLERY SET']"
['BLUE DINER WALL CLOCK'],['IVORY DINER WALL CLOCK']
['BLUE HAPPY BIRTHDAY BUNTING'],['PINK HAPPY BIRTHDAY BUNTING']
['BLUE HARMONICA IN BOX'],['RED  HARMONICA IN BOX']
['BLUE POLKADOT BOWL'],['PINK POLKADOT BOWL']
['BLUE POLKADOT CUP'],['PINK  POLKADOT CUP']
['BLUE SPOT CERAMIC DRAWER KNOB'],['WHITE SPOT BLUE CERAMIC DRAWER KNOB']
['BLUE STRIPE CERAMIC DRAWER KNOB'],['RED STRIPE CERAMIC DRAWER KNOB']
['BOX OF 24 COCKTAIL PARASOLS'],['RED RETROSPOT CHARLOTTE BAG']
"[""BOX OF 6 MINI 50'S CRACKERS""]",['BOX OF 6 MINI VINTAGE CRACKERS']
['BOX OF 6 MINI VINTAGE CRACKERS'],"[""BOX OF 6 MINI 50'S CRACKERS""]"
"['BUNTING , SPOTTY']",['PARTY BUNTING']
['CHARLOTTE BAG ALPHABET  DESIGN'],"['CHARLOTTE BAG PINK POLKADOT', 'RED RETROSPOT CHARLOTTE BAG']"
['CHARLOTTE BAG APPLES DESIGN'],"['CHARLOTTE BAG SUKI DESIGN', 'RED RETROSPOT CHARLOTTE BAG', 'STRAWBERRY CHARLOTTE BAG']"
['CHARLOTTE BAG DOLLY GIRL DESIGN'],['CHARLOTTE BAG SUKI DESIGN']
['CHARLOTTE BAG PINK POLKADOT'],"['WOODLAND CHARLOTTE BAG', 'CHARLOTTE BAG SUKI DESIGN', 'RED RETROSPOT CHARLOTTE BAG', 'STRAWBERRY CHARLOTTE BAG']"
['CHARLOTTE BAG SUKI DESIGN'],"['STRAWBERRY CHARLOTTE BAG', 'CHARLOTTE BAG PINK POLKADOT', 'WOODLAND CHARLOTTE BAG', 'RED RETROSPOT CHARLOTTE BAG']"
['CHILDRENS APRON SPACEBOY DESIGN'],['PINK FAIRY CAKE CHILDRENS APRON']
['CHOCOLATE HOT WATER BOTTLE'],['HOT WATER BOTTLE I AM SO POORLY']
['CHOCOLATE THIS WAY METAL SIGN'],['HAND OVER THE CHOCOLATE   SIGN']
['CHRISTMAS CRAFT LITTLE FRIENDS'],['CHRISTMAS CRAFT WHITE FAIRY']
['CHRISTMAS CRAFT TREE TOP ANGEL'],['CHRISTMAS CRAFT WHITE FAIRY']
['CHRISTMAS CRAFT WHITE FAIRY'],['CHRISTMAS CRAFT TREE TOP ANGEL']
['CLOTHES PEGS RETROSPOT PACK 24'],['PACK OF 72 RETROSPOT CAKE CASES']
['COOK WITH WINE METAL SIGN'],['HAND OVER THE CHOCOLATE   SIGN']
['CREAM HANGING HEART T-LIGHT HOLDER'],['PINK HANGING HEART T-LIGHT HOLDER']
['CREAM HEART CARD HOLDER'],['CREAM HANGING HEART T-LIGHT HOLDER']
['DOLLY GIRL LUNCH BOX'],['SPACEBOY LUNCH BOX']
['DOORMAT KEEP CALM AND COME IN'],['GARDENERS KNEELING PAD KEEP CALM']
['DOORMAT RED RETROSPOT'],['JUMBO BAG RED RETROSPOT']
['EDWARDIAN PARASOL BLACK'],['EDWARDIAN PARASOL NATURAL']
['EDWARDIAN PARASOL NATURAL'],['EDWARDIAN PARASOL BLACK']
['FELTCRAFT CUSHION BUTTERFLY'],['FELTCRAFT CUSHION RABBIT']
['FELTCRAFT CUSHION OWL'],['FELTCRAFT CUSHION RABBIT']
['FELTCRAFT CUSHION RABBIT'],['FELTCRAFT CUSHION BUTTERFLY']
['FELTCRAFT PRINCESS CHARLOTTE DOLL'],['FELTCRAFT PRINCESS LOLA DOLL']
['FELTCRAFT PRINCESS LOLA DOLL'],['FELTCRAFT PRINCESS OLIVIA DOLL']
['FELTCRAFT PRINCESS OLIVIA DOLL'],['FELTCRAFT PRINCESS LOLA DOLL']
['FLORAL FOLK STATIONERY SET'],['MODERN FLORAL STATIONERY SET']
['GARDENERS KNEELING PAD CUP OF TEA'],['GARDENERS KNEELING PAD KEEP CALM']
['GARDENERS KNEELING PAD KEEP CALM'],['GARDENERS KNEELING PAD CUP OF TEA']
['GIN AND TONIC DIET METAL SIGN'],['COOK WITH WINE METAL SIGN']
['GINGERBREAD MAN COOKIE CUTTER'],['SET OF 3 HEART COOKIE CUTTERS']
['GREEN REGENCY TEACUP AND SAUCER'],"['ROSES REGENCY TEACUP AND SAUCER', 'REGENCY TEA PLATE GREEN', 'REGENCY TEA PLATE ROSES']"
['HAND OVER THE CHOCOLATE   SIGN'],['COOK WITH WINE METAL SIGN']
['HAND WARMER BIRD DESIGN'],['HAND WARMER SCOTTY DOG DESIGN']
['HAND WARMER OWL DESIGN'],['HAND WARMER SCOTTY DOG DESIGN']
['HAND WARMER RED LOVE HEART'],['HAND WARMER UNION JACK']
['HAND WARMER RED RETROSPOT'],['HAND WARMER OWL DESIGN']
['HAND WARMER SCOTTY DOG DESIGN'],['HAND WARMER BIRD DESIGN']
['HAND WARMER UNION JACK'],['HAND WARMER RED LOVE HEART']
['HANGING HEART JAR T-LIGHT HOLDER'],['VICTORIAN GLASS HANGING T-LIGHT']
['HANGING HEART ZINC T-LIGHT HOLDER'],['SINGLE HEART ZINC T-LIGHT HOLDER']
['HEART OF WICKER LARGE'],['HEART OF WICKER SMALL']
['HEART OF WICKER SMALL'],['HEART OF WICKER LARGE']
['HERB MARKER BASIL'],"['HERB MARKER MINT', 'HERB MARKER THYME', 'HERB MARKER ROSEMARY']"
['HERB MARKER CHIVES'],"['HERB MARKER PARSLEY', 'HERB MARKER MINT']"
['HERB MARKER MINT'],"['HERB MARKER PARSLEY', 'HERB MARKER ROSEMARY', 'HERB MARKER THYME']"
['HERB MARKER PARSLEY'],"['HERB MARKER MINT', 'HERB MARKER THYME', 'HERB MARKER ROSEMARY']"
['HERB MARKER ROSEMARY'],"['HERB MARKER MINT', 'HERB MARKER THYME', 'HERB MARKER PARSLEY']"
['HERB MARKER THYME'],"['HERB MARKER PARSLEY', 'HERB MARKER ROSEMARY', 'HERB MARKER MINT']"
['HOME BUILDING BLOCK WORD'],['LOVE BUILDING BLOCK WORD']
['HOMEMADE JAM SCENTED CANDLES'],['SET OF 3 CAKE TINS PANTRY DESIGN']
['HOT BATHS METAL SIGN'],['COOK WITH WINE METAL SIGN']
['HOT WATER BOTTLE I AM SO POORLY'],['CHOCOLATE HOT WATER BOTTLE']
['HOT WATER BOTTLE KEEP CALM'],['LOVE HOT WATER BOTTLE']
['HOT WATER BOTTLE TEA AND SYMPATHY'],['CHOCOLATE HOT WATER BOTTLE']
['IVORY DINER WALL CLOCK'],['BLUE DINER WALL CLOCK']
['IVORY KITCHEN SCALES'],['RED KITCHEN SCALES']
['JAM JAR WITH GREEN LID'],['JAM JAR WITH PINK LID']
['JAM JAR WITH PINK LID'],['JAM JAR WITH GREEN LID']
['JAM MAKING SET PRINTED'],"['GREEN REGENCY TEACUP AND SAUCER', 'ROSES REGENCY TEACUP AND SAUCER']"
['JAM MAKING SET WITH JARS'],"['GREEN REGENCY TEACUP AND SAUCER', 'ROSES REGENCY TEACUP AND SAUCER']"
['JUMBO  BAG BAROQUE BLACK WHITE'],"['JUMBO BAG RED RETROSPOT', 'JUMBO SHOPPER VINTAGE RED PAISLEY', 'JUMBO BAG SCANDINAVIAN BLUE PAISLEY']"
"[""JUMBO BAG 50'S CHRISTMAS""]",['JUMBO BAG VINTAGE CHRISTMAS']
['JUMBO BAG ALPHABET'],"['JUMBO BAG APPLES', 'JUMBO BAG PEARS']"
['JUMBO BAG APPLES'],"['JUMBO BAG VINTAGE LEAF', 'JUMBO BAG PEARS', 'JUMBO BAG VINTAGE DOILY']"
['JUMBO BAG CHARLIE AND LOLA TOYS'],['JUMBO BAG RED RETROSPOT']
['JUMBO BAG DOLLY GIRL DESIGN'],['JUMBO BAG SPACEBOY DESIGN']
['JUMBO BAG OWLS'],"['JUMBO BAG WOODLAND ANIMALS', 'JUMBO BAG RED RETROSPOT']"
['JUMBO BAG PEARS'],"['JUMBO BAG APPLES', 'JUMBO BAG VINTAGE DOILY', 'JUMBO BAG VINTAGE LEAF']"
['JUMBO BAG PINK POLKADOT'],"['JUMBO BAG TOYS', 'JUMBO BAG RED RETROSPOT', 'JUMBO BAG WOODLAND ANIMALS']"
['JUMBO BAG PINK VINTAGE PAISLEY'],"['JUMBO BAG SCANDINAVIAN BLUE PAISLEY', 'JUMBO BAG PINK POLKADOT', 'JUMBO BAG RED RETROSPOT']"
['JUMBO BAG RED RETROSPOT'],"['JUMBO BAG PINK POLKADOT', 'JUMBO BAG WOODLAND ANIMALS', 'JUMBO BAG TOYS']"
['JUMBO BAG SCANDINAVIAN BLUE PAISLEY'],"['JUMBO SHOPPER VINTAGE RED PAISLEY', 'JUMBO BAG PINK POLKADOT', 'JUMBO STORAGE BAG SUKI']"
['JUMBO BAG SPACEBOY DESIGN'],"['JUMBO BAG WOODLAND ANIMALS', 'JUMBO BAG PINK POLKADOT']"
['JUMBO BAG STRAWBERRY'],"['JUMBO BAG PINK VINTAGE PAISLEY', 'JUMBO BAG RED RETROSPOT']"
['JUMBO BAG TOYS'],"['JUMBO BAG PINK POLKADOT', 'JUMBO BAG WOODLAND ANIMALS', 'JUMBO BAG RED RETROSPOT']"
['JUMBO BAG VINTAGE CHRISTMAS'],"[""JUMBO BAG 50'S CHRISTMAS""]"
['JUMBO BAG VINTAGE DOILY'],"['JUMBO BAG VINTAGE LEAF', 'JUMBO BAG PEARS', 'JUMBO BAG APPLES']"
['JUMBO BAG VINTAGE LEAF'],"['JUMBO BAG APPLES', 'JUMBO BAG VINTAGE DOILY', 'JUMBO BAG PEARS']"
['JUMBO BAG WOODLAND ANIMALS'],"['JUMBO BAG TOYS', 'JUMBO BAG RED RETROSPOT', 'JUMBO BAG PINK POLKADOT']"
['JUMBO SHOPPER VINTAGE RED PAISLEY'],"['JUMBO STORAGE BAG SUKI', 'JUMBO BAG PINK POLKADOT', 'JUMBO BAG RED RETROSPOT', 'JUMBO BAG WOODLAND ANIMALS']"
['JUMBO STORAGE BAG SKULLS'],"['JUMBO BAG WOODLAND ANIMALS', 'JUMBO BAG PINK POLKADOT']"
['JUMBO STORAGE BAG SUKI'],"['JUMBO BAG TOYS', 'JUMBO BAG RED RETROSPOT', 'JUMBO BAG WOODLAND ANIMALS']"
"['KEY FOB , BACK DOOR']","['KEY FOB , SHED']"
"['KEY FOB , GARAGE DESIGN']","['KEY FOB , SHED']"
"['KEY FOB , SHED']","['KEY FOB , GARAGE DESIGN']"
['KIDS CUTLERY DOLLY GIRL'],['KIDS CUTLERY SPACEBOY']
['KIDS CUTLERY SPACEBOY'],['KIDS CUTLERY DOLLY GIRL']
['KITCHEN METAL SIGN'],['TOILET METAL SIGN']
['LADIES & GENTLEMEN METAL SIGN'],['PLEASE ONE PERSON METAL SIGN']
['LARGE HEART MEASURING SPOONS'],['SMALL HEART MEASURING SPOONS']
['LARGE WHITE HEART OF WICKER'],['SMALL WHITE HEART OF WICKER']
['LOVE BUILDING BLOCK WORD'],['HOME BUILDING BLOCK WORD']
['LOVE HOT WATER BOTTLE'],['HOT WATER BOTTLE KEEP CALM']
['LOVEBIRD HANGING DECORATION WHITE'],['CREAM HANGING HEART T-LIGHT HOLDER']
['LUNCH BAG  BLACK SKULL.'],"['STRAWBERRY CHARLOTTE BAG', 'WOODLAND CHARLOTTE BAG']"
['LUNCH BAG ALPHABET DESIGN'],"['LUNCH BAG VINTAGE LEAF DESIGN', 'LUNCH BAG APPLE DESIGN']"
['LUNCH BAG APPLE DESIGN'],"['CHARLOTTE BAG APPLES DESIGN', 'CHARLOTTE BAG SUKI DESIGN']"
['LUNCH BAG CARS BLUE'],"['STRAWBERRY CHARLOTTE BAG', 'WOODLAND CHARLOTTE BAG']"
['LUNCH BAG DOLLY GIRL DESIGN'],"['LUNCH BAG SPACEBOY DESIGN', 'LUNCH BAG PINK POLKADOT']"
['LUNCH BAG PINK POLKADOT'],"['CHARLOTTE BAG PINK POLKADOT', 'RED RETROSPOT CHARLOTTE BAG']"
['LUNCH BAG RED SPOTTY'],"['LUNCH BAG WOODLAND', 'LUNCH BAG PINK POLKADOT', 'LUNCH BAG SPACEBOY DESIGN']"
['LUNCH BAG SPACEBOY DESIGN'],"['CHARLOTTE BAG PINK POLKADOT', 'RED RETROSPOT CHARLOTTE BAG']"
['LUNCH BAG SUKI DESIGN'],"['CHARLOTTE BAG PINK POLKADOT', 'RED RETROSPOT CHARLOTTE BAG']"
['LUNCH BAG VINTAGE DOILY'],"['LUNCH BAG VINTAGE LEAF DESIGN', 'JUMBO BAG VINTAGE DOILY']"
['LUNCH BAG VINTAGE LEAF DESIGN'],"['LUNCH BAG APPLE DESIGN', 'LUNCH BAG ALPHABET DESIGN']"
['LUNCH BAG WOODLAND'],"['WOODLAND CHARLOTTE BAG', 'RED RETROSPOT CHARLOTTE BAG']"
['LUNCH BOX I LOVE LONDON'],['SET 2 TEA TOWELS I LOVE LONDON']
['LUNCH BOX WITH CUTLERY RETROSPOT'],['STRAWBERRY LUNCH BOX WITH CUTLERY']
['MINT KITCHEN SCALES'],['IVORY KITCHEN SCALES']
['MODERN FLORAL STATIONERY SET'],['FLORAL FOLK STATIONERY SET']
['N0 SINGING METAL SIGN'],['GIN AND TONIC DIET METAL SIGN']
['NATURAL SLATE CHALKBOARD LARGE'],['NATURAL SLATE HEART CHALKBOARD']
['NATURAL SLATE HEART CHALKBOARD'],['NATURAL SLATE RECTANGLE CHALKBOARD']
['NATURAL SLATE RECTANGLE CHALKBOARD'],['NATURAL SLATE HEART CHALKBOARD']
['PACK OF 20 NAPKINS PANTRY DESIGN'],['SET/20 RED RETROSPOT PAPER NAPKINS']
['PACK OF 60 DINOSAUR CAKE CASES'],"['60 TEATIME FAIRY CAKE CASES', 'PACK OF 72 RETROSPOT CAKE CASES']"
['PACK OF 60 MUSHROOM CAKE CASES'],['PACK OF 72 RETROSPOT CAKE CASES']
['PACK OF 60 PINK PAISLEY CAKE CASES'],"['60 TEATIME FAIRY CAKE CASES', 'PACK OF 72 RETROSPOT CAKE CASES']"
['PACK OF 60 SPACEBOY CAKE CASES'],['60 CAKE CASES DOLLY GIRL DESIGN']
['PACK OF 72 RETROSPOT CAKE CASES'],"['CHARLOTTE BAG PINK POLKADOT', 'WOODLAND CHARLOTTE BAG']"
['PACK OF 72 SKULL CAKE CASES'],['PACK OF 60 SPACEBOY CAKE CASES']
['PAINTED METAL PEARS ASSORTED'],['ASSORTED COLOUR BIRD ORNAMENT']
['PAPER BUNTING RETROSPOT'],['SET/6 RED SPOTTY PAPER PLATES']
"[""PAPER CHAIN KIT 50'S CHRISTMAS""]",['PAPER CHAIN KIT VINTAGE CHRISTMAS']
['PAPER CHAIN KIT VINTAGE CHRISTMAS'],"[""PAPER CHAIN KIT 50'S CHRISTMAS""]"
['PARTY BUNTING'],['TEA TIME PARTY BUNTING']
['PINK  POLKADOT CUP'],['BLUE POLKADOT CUP']
['PINK 3 PIECE POLKADOT CUTLERY SET'],"['BLUE 3 PIECE POLKADOT CUTLERY SET', 'RED 3 PIECE RETROSPOT CUTLERY SET']"
['PINK BLUE FELT CRAFT TRINKET BOX'],['PINK CREAM FELT CRAFT TRINKET BOX']
['PINK CREAM FELT CRAFT TRINKET BOX'],['PINK BLUE FELT CRAFT TRINKET BOX']
['PINK FAIRY CAKE CHILDRENS APRON'],['CHILDRENS APRON SPACEBOY DESIGN']
['PINK HANGING HEART T-LIGHT HOLDER'],['RED HANGING HEART T-LIGHT HOLDER']
['PINK HAPPY BIRTHDAY BUNTING'],['BLUE HAPPY BIRTHDAY BUNTING']
['PINK POLKADOT BOWL'],['BLUE POLKADOT BOWL']
['PINK REGENCY TEACUP AND SAUCER'],"['REGENCY TEA PLATE GREEN', 'REGENCY TEA PLATE ROSES']"
['PINK VINTAGE PAISLEY PICNIC BAG'],['SCANDINAVIAN PAISLEY PICNIC BAG']
['PLASTERS IN TIN CIRCUS PARADE'],['PLASTERS IN TIN STRONGMAN']
['PLASTERS IN TIN SKULLS'],['PLASTERS IN TIN VINTAGE PAISLEY']
['PLASTERS IN TIN SPACEBOY'],['PLASTERS IN TIN WOODLAND ANIMALS']
['PLASTERS IN TIN STRONGMAN'],['PLASTERS IN TIN CIRCUS PARADE']
['PLASTERS IN TIN VINTAGE PAISLEY'],['PLASTERS IN TIN STRONGMAN']
['PLASTERS IN TIN WOODLAND ANIMALS'],['PLASTERS IN TIN SPACEBOY']
['PLEASE ONE PERSON METAL SIGN'],['LADIES & GENTLEMEN METAL SIGN']
"[""POPPY'S PLAYHOUSE BEDROOM""]","[""POPPY'S PLAYHOUSE LIVINGROOM"", ""POPPY'S PLAYHOUSE KITCHEN""]"
"[""POPPY'S PLAYHOUSE KITCHEN""]","[""POPPY'S PLAYHOUSE LIVINGROOM"", ""POPPY'S PLAYHOUSE BEDROOM""]"
"[""POPPY'S PLAYHOUSE LIVINGROOM""]","[""POPPY'S PLAYHOUSE BEDROOM"", ""POPPY'S PLAYHOUSE KITCHEN""]"
['RABBIT NIGHT LIGHT'],['RED TOADSTOOL LED NIGHT LIGHT']
['RECIPE BOX PANTRY YELLOW DESIGN'],"['JAM MAKING SET WITH JARS', 'JAM MAKING SET PRINTED']"
['RECIPE BOX RETROSPOT'],['RECIPE BOX PANTRY YELLOW DESIGN']
['RECYCLING BAG RETROSPOT'],['TOY TIDY PINK POLKADOT']
['RED  HARMONICA IN BOX'],['BLUE HARMONICA IN BOX']
['RED 3 PIECE RETROSPOT CUTLERY SET'],"['BLUE 3 PIECE POLKADOT CUTLERY SET', 'PINK 3 PIECE POLKADOT CUTLERY SET']"
['RED DINER WALL CLOCK'],['BLUE DINER WALL CLOCK']
['RED HANGING HEART T-LIGHT HOLDER'],['PINK HANGING HEART T-LIGHT HOLDER']
['RED KITCHEN SCALES'],['IVORY KITCHEN SCALES']
['RED RETROSPOT CHARLOTTE BAG'],"['STRAWBERRY CHARLOTTE BAG', 'CHARLOTTE BAG PINK POLKADOT', 'WOODLAND CHARLOTTE BAG', 'CHARLOTTE BAG SUKI DESIGN']"
['RED RETROSPOT CUP'],['BLUE POLKADOT CUP']
['RED RETROSPOT OVEN GLOVE'],['PACK OF 72 RETROSPOT CAKE CASES']
['RED RETROSPOT PICNIC BAG'],['LUNCH BAG RED SPOTTY']
['RED RETROSPOT SHOPPER BAG'],['STRAWBERRY SHOPPER BAG']
['RED SPOT CERAMIC DRAWER KNOB'],['BLUE SPOT CERAMIC DRAWER KNOB']
['RED STRIPE CERAMIC DRAWER KNOB'],['RED SPOT CERAMIC DRAWER KNOB']
['RED TOADSTOOL LED NIGHT LIGHT'],['SUKI  SHOULDER BAG']
['REGENCY CAKESTAND 3 TIER'],"['ROSES REGENCY TEACUP AND SAUCER', 'PINK REGENCY TEACUP AND SAUCER', 'GREEN REGENCY TEACUP AND SAUCER']"
['REGENCY MILK JUG PINK'],"['REGENCY SUGAR BOWL GREEN', 'REGENCY TEAPOT ROSES']"
['REGENCY SUGAR BOWL GREEN'],"['REGENCY TEAPOT ROSES', 'REGENCY MILK JUG PINK']"
['REGENCY TEA PLATE GREEN'],"['GREEN REGENCY TEACUP AND SAUCER', 'REGENCY TEA PLATE ROSES', 'ROSES REGENCY TEACUP AND SAUCER']"
['REGENCY TEA PLATE PINK'],"['ROSES REGENCY TEACUP AND SAUCER', 'REGENCY TEA PLATE GREEN', 'REGENCY TEA PLATE ROSES']"
['REGENCY TEA PLATE ROSES'],"['ROSES REGENCY TEACUP AND SAUCER', 'REGENCY TEA PLATE GREEN', 'GREEN REGENCY TEACUP AND SAUCER']"
['REGENCY TEAPOT ROSES'],"['REGENCY SUGAR BOWL GREEN', 'REGENCY MILK JUG PINK']"
['RETROSPOT HEART HOT WATER BOTTLE'],['SCOTTIE DOG HOT WATER BOTTLE']
['RETROSPOT TEA SET CERAMIC 11 PC'],['BAKING SET 9 PIECE RETROSPOT']
['ROBOT BIRTHDAY CARD'],['SPACEBOY BIRTHDAY CARD']
"[""ROLL WRAP 50'S CHRISTMAS""]","[""ROLL WRAP 50'S RED CHRISTMAS""]"
"[""ROLL WRAP 50'S RED CHRISTMAS""]","[""ROLL WRAP 50'S CHRISTMAS""]"
['ROLL WRAP VINTAGE CHRISTMAS'],"[""ROLL WRAP 50'S CHRISTMAS""]"
['ROSES REGENCY TEACUP AND SAUCER'],"['GREEN REGENCY TEACUP AND SAUCER', 'REGENCY TEA PLATE ROSES', 'REGENCY TEA PLATE GREEN']"
['ROUND SNACK BOXES SET OF 4 FRUITS'],['ROUND SNACK BOXES SET OF4 WOODLAND']
['ROUND SNACK BOXES SET OF4 WOODLAND'],['ROUND SNACK BOXES SET OF 4 FRUITS']
['SCANDINAVIAN PAISLEY PICNIC BAG'],['PINK VINTAGE PAISLEY PICNIC BAG']
['SCANDINAVIAN REDS RIBBONS'],['6 RIBBONS RUSTIC CHARM']
['SCOTTIE DOG HOT WATER BOTTLE'],['RETROSPOT HEART HOT WATER BOTTLE']
['SET 2 TEA TOWELS I LOVE LONDON'],['LUNCH BOX I LOVE LONDON']
['SET OF 12 FAIRY CAKE BAKING CASES'],"['SET OF 6 SNACK LOAF BAKING CASES', 'SET OF 12 MINI LOAF BAKING CASES']"
['SET OF 12 MINI LOAF BAKING CASES'],"['SET OF 6 SNACK LOAF BAKING CASES', 'SET OF 12 FAIRY CAKE BAKING CASES']"
['SET OF 20 VINTAGE CHRISTMAS NAPKINS'],['60 CAKE CASES VINTAGE CHRISTMAS']
['SET OF 3 BUTTERFLY COOKIE CUTTERS'],['SET OF 3 HEART COOKIE CUTTERS']
['SET OF 3 CAKE TINS PANTRY DESIGN'],"['ROSES REGENCY TEACUP AND SAUCER', 'GREEN REGENCY TEACUP AND SAUCER']"
['SET OF 3 HEART COOKIE CUTTERS'],['SET OF 3 BUTTERFLY COOKIE CUTTERS']
['SET OF 3 REGENCY CAKE TINS'],"['GREEN REGENCY TEACUP AND SAUCER', 'ROSES REGENCY TEACUP AND SAUCER']"
['SET OF 3 WOODEN HEART DECORATIONS'],"['SET OF 3 WOODEN TREE DECORATIONS', 'SET OF 3 WOODEN STOCKING DECORATION']"
['SET OF 3 WOODEN SLEIGH DECORATIONS'],['SET OF 3 WOODEN TREE DECORATIONS']
['SET OF 3 WOODEN STOCKING DECORATION'],"['SET OF 3 WOODEN TREE DECORATIONS', 'SET OF 3 WOODEN HEART DECORATIONS']"
['SET OF 3 WOODEN TREE DECORATIONS'],"['SET OF 3 WOODEN STOCKING DECORATION', 'SET OF 3 WOODEN HEART DECORATIONS']"
['SET OF 4 KNICK KNACK TINS  DOILEY'],['SET OF 3 REGENCY CAKE TINS']
['SET OF 4 PANTRY JELLY MOULDS'],['JAM MAKING SET WITH JARS']
['SET OF 6 SNACK LOAF BAKING CASES'],"['SET OF 12 FAIRY CAKE BAKING CASES', 'SET OF 12 MINI LOAF BAKING CASES']"
['SET OF 6 SPICE TINS PANTRY DESIGN'],['SET OF 3 CAKE TINS PANTRY DESIGN']
['SET OF 6 TEA TIME BAKING CASES'],"['SET OF 12 MINI LOAF BAKING CASES', 'SET OF 12 FAIRY CAKE BAKING CASES']"
['SET OF 60 I LOVE LONDON CAKE CASES'],['SET OF 60 PANTRY DESIGN CAKE CASES']
['SET OF 60 PANTRY DESIGN CAKE CASES'],['SET OF 60 VINTAGE LEAF CAKE CASES']
['SET OF 60 VINTAGE LEAF CAKE CASES'],['SET OF 60 PANTRY DESIGN CAKE CASES']
['SET OF 72 PINK HEART PAPER DOILIES'],['JUMBO BAG RED RETROSPOT']
['SET OF 72 RETROSPOT PAPER  DOILIES'],['PACK OF 72 RETROSPOT CAKE CASES']
['SET OF TEA COFFEE SUGAR TINS PANTRY'],['SET OF 3 REGENCY CAKE TINS']
['SET/10 BLUE POLKADOT PARTY CANDLES'],['SET/10 PINK POLKADOT PARTY CANDLES']
['SET/10 PINK POLKADOT PARTY CANDLES'],['SET/10 BLUE POLKADOT PARTY CANDLES']
['SET/20 RED RETROSPOT PAPER NAPKINS'],"['SET/6 RED SPOTTY PAPER PLATES', 'SET/6 RED SPOTTY PAPER CUPS']"
['SET/3 RED GINGHAM ROSE STORAGE BOX'],['JUMBO BAG RED RETROSPOT']
['SET/5 RED SPOTTY LID GLASS BOWLS'],['SET OF 4 PANTRY JELLY MOULDS']
['SET/6 RED SPOTTY PAPER CUPS'],"['SET/6 RED SPOTTY PAPER PLATES', 'SET/20 RED RETROSPOT PAPER NAPKINS']"
['SET/6 RED SPOTTY PAPER PLATES'],"['SET/6 RED SPOTTY PAPER CUPS', 'SET/20 RED RETROSPOT PAPER NAPKINS']"
['SINGLE HEART ZINC T-LIGHT HOLDER'],['HANGING HEART ZINC T-LIGHT HOLDER']
['SKULL LUNCH BOX WITH CUTLERY'],['STRAWBERRY LUNCH BOX WITH CUTLERY']
['SKULL SHOULDER BAG'],['SUKI  SHOULDER BAG']
['SMALL CHOCOLATES PINK BOWL'],"['SMALL DOLLY MIX DESIGN ORANGE BOWL', 'SMALL MARSHMALLOWS PINK BOWL']"
['SMALL DOLLY MIX DESIGN ORANGE BOWL'],"['SMALL CHOCOLATES PINK BOWL', 'SMALL MARSHMALLOWS PINK BOWL']"
['SMALL GLASS HEART TRINKET POT'],['CREAM HANGING HEART T-LIGHT HOLDER']
['SMALL HEART MEASURING SPOONS'],['LARGE HEART MEASURING SPOONS']
['SMALL MARSHMALLOWS PINK BOWL'],"['SMALL CHOCOLATES PINK BOWL', 'SMALL DOLLY MIX DESIGN ORANGE BOWL']"
['SMALL POPCORN HOLDER'],['SUKI  SHOULDER BAG']
['SMALL WHITE HEART OF WICKER'],['LARGE WHITE HEART OF WICKER']
['SPACEBOY BIRTHDAY CARD'],['ROBOT BIRTHDAY CARD']
['SPACEBOY LUNCH BOX'],['DOLLY GIRL LUNCH BOX']
['STRAWBERRY CERAMIC TRINKET POT'],['SWEETHEART CERAMIC TRINKET BOX']
['STRAWBERRY CHARLOTTE BAG'],"['WOODLAND CHARLOTTE BAG', 'CHARLOTTE BAG SUKI DESIGN', 'RED RETROSPOT CHARLOTTE BAG', 'CHARLOTTE BAG PINK POLKADOT']"
['STRAWBERRY LUNCH BOX WITH CUTLERY'],['SKULL LUNCH BOX WITH CUTLERY']
['STRAWBERRY SHOPPER BAG'],['RED RETROSPOT SHOPPER BAG']
['SUKI  SHOULDER BAG'],['SKULL SHOULDER BAG']
['SWEETHEART CERAMIC TRINKET BOX'],['STRAWBERRY CERAMIC TRINKET POT']
['TEA TIME PARTY BUNTING'],['PARTY BUNTING']
['TOILET METAL SIGN'],['KITCHEN METAL SIGN']
['TOILET SIGN OCCUPIED OR VACANT'],['JUMBO BAG RED RETROSPOT']
['TOY TIDY PINK POLKADOT'],['RECYCLING BAG RETROSPOT']
['TRAVEL CARD WALLET KEEP CALM'],['TRAVEL CARD WALLET VINTAGE TICKET']
['TRAVEL CARD WALLET VINTAGE TICKET'],['TRAVEL CARD WALLET KEEP CALM']
['VICTORIAN GLASS HANGING T-LIGHT'],['ANTIQUE SILVER TEA GLASS ETCHED']
['VINTAGE CREAM CAT FOOD CONTAINER'],['VINTAGE CREAM DOG FOOD CONTAINER']
['VINTAGE CREAM DOG FOOD CONTAINER'],['VINTAGE CREAM CAT FOOD CONTAINER']
['VINTAGE HEADS AND TAILS CARD GAME'],['VINTAGE SNAP CARDS']
['VINTAGE PAISLEY STATIONERY SET'],['FLORAL FOLK STATIONERY SET']
['VINTAGE SNAP CARDS'],['VINTAGE HEADS AND TAILS CARD GAME']
['WHITE SPOT BLUE CERAMIC DRAWER KNOB'],['BLUE SPOT CERAMIC DRAWER KNOB']
['WHITE SPOT RED CERAMIC DRAWER KNOB'],['RED SPOT CERAMIC DRAWER KNOB']
['WOOD 2 DRAWER CABINET WHITE FINISH'],['3 DRAWER ANTIQUE WHITE WOOD CABINET']
['WOOD BLACK BOARD ANT WHITE FINISH'],['CREAM HANGING HEART T-LIGHT HOLDER']
['WOODEN BOX OF DOMINOES'],['VINTAGE SNAP CARDS']
['WOODEN FRAME ANTIQUE WHITE'],['WOODEN PICTURE FRAME WHITE FINISH']
['WOODEN HEART CHRISTMAS SCANDINAVIAN'],"['WOODEN STAR CHRISTMAS SCANDINAVIAN', 'WOODEN TREE CHRISTMAS SCANDINAVIAN']"
['WOODEN PICTURE FRAME WHITE FINISH'],['WOODEN FRAME ANTIQUE WHITE']
['WOODEN STAR CHRISTMAS SCANDINAVIAN'],"['WOODEN HEART CHRISTMAS SCANDINAVIAN', 'WOODEN TREE CHRISTMAS SCANDINAVIAN']"
['WOODEN TREE CHRISTMAS SCANDINAVIAN'],"['WOODEN STAR CHRISTMAS SCANDINAVIAN', 'WOODEN HEART CHRISTMAS SCANDINAVIAN']"
['WOODLAND CHARLOTTE BAG'],"['STRAWBERRY CHARLOTTE BAG', 'CHARLOTTE BAG PINK POLKADOT', 'CHARLOTTE BAG SUKI DESIGN', 'RED RETROSPOT CHARLOTTE BAG']"
['ZINC METAL HEART DECORATION'],['CREAM HANGING HEART T-LIGHT HOLDER']
